Name,Graduation Rate
Aaniiih Nakoda College,0.3235
Abilene Christian University,0.6021
Abraham Baldwin Agricultural College,0.2912
Academy College,1.0
Academy of Art University,0.4046
Acupuncture and Massage College,0.7931
Adams State University,0.3165
Adelphi University,0.6893
Adrian College,0.5595
AdventHealth University,0.3562
Agnes Scott College,0.7052
Aims Community College,0.3507
Alabama A & M University,0.2874
Alabama State University,0.3018
Alaska Bible College,1.0
Alaska Pacific University,0.4688
Albany College of Pharmacy and Health Sciences,0.6882
Albany State University,0.2279
Albertus Magnus College,0.4609
Albion College,0.5709
Albizu University-Miami,0.6
Albizu University-San Juan,0.69
Albright College,0.4215
Alcorn State University,0.4615
Alfred University,0.555
Alice Lloyd College,0.2636
Allegheny College,0.6653
Allegheny Wesleyan College,0.4
Allen University,0.1323
Alliant International University-San Diego,0.2222
Alma College,0.6373
Alpena Community College,0.502
Alvernia University,0.5849
Alverno College,0.5051
America Evangelical University,1.0
American Academy of Art College,0.45
American Baptist College,0.3333
American College of the Building Arts,0.64
American Institute of Alternative Medicine,0.5455
American InterContinental University System,0.212
American InterContinental University-Atlanta,0.2105
American InterContinental University-Houston,0.4545
American International College,0.4228
American Jewish University,0.3077
American Medical Academy,0.7191
American Medical Sciences Center,1.0
American Musical and Dramatic Academy,0.7202
American National University,0.2632
American National University-Pikeville,0.5
American Public University System,0.5323
American Samoa Community College,0.4774
American University,0.7849
American University of Health Sciences,0.5
Amherst College,0.9342
Amridge University,0.4
Anderson University,0.4942
Anderson University,0.7099
Andrew College,0.2696
Andrews University,0.6593
Angeles College,0.9714
Angelo State University,0.4073
Anna Maria College,0.4044
Antelope Valley Community College District,0.3061
Antioch College,0.2632
Appalachian Bible College,0.7561
Appalachian State University,0.7311
Aquinas College,0.625
Arapahoe Community College,0.2679
Arcadia University,0.6401
Arizona Christian University,0.4145
Arizona College of Nursing-Las Vegas,0.75
Arizona College of Nursing-Tempe,0.0909
Arizona State University Campus Immersion,0.6785
Arkansas Baptist College,0.0798
Arkansas State University,0.551
Arkansas Tech University,0.4866
Arlington Baptist University,0.0455
Art Academy of Cincinnati,0.4444
Art Center College of Design,0.8261
Asbury University,0.65
Ascent College,0.5
Ashford University,0.0877
Ashland University,0.6059
Associated Beth Rivkah Schools,0.7407
Assumption University,0.7459
ATA Career Education,0.6296
ATA College-Cincinnati,0.7143
Atenas College,0.4259
ATI College-Whittier,0.2
Atlanta Metropolitan State College,0.1429
Atlantic University,0.3574
Atlantis University,0.6129
Auburn University,0.7921
Auburn University at Montgomery,0.3568
Augsburg University,0.5244
Augusta University,0.4865
Augustana College,0.7918
Augustana University,0.7563
Aultman College of Nursing and Health Sciences,0.5185
Aurora University,0.5832
Austin College,0.6949
Austin Community College District,0.18
Austin Peay State University,0.445
Ave Maria University,0.5548
Averett University,0.4357
Aviator College of Aeronautical Science and Technology,0.5833
Avila University,0.4262
Azusa Pacific University,0.6442
Babson College,0.9236
Bacone College,0.0239
Bais Binyomin Academy,0.5714
Bais HaMedrash and Mesivta of Baltimore,0.12
Bais Medrash Mayan Hatorah,0.65
Bais Medrash of Dexter Park,0.8571
Bais Medrash Toras Chesed,0.3214
Baker College,0.3133
Baker University,0.5938
Bakersfield College,0.2263
Baldwin Wallace University,0.6861
Ball State University,0.6327
Baptist Health Sciences University,0.5375
Baptist University of Florida,0.6923
Baptist University of the Americas,0.2727
Barclay College,0.5517
Bard College,0.7271
Bard College at Simon's Rock,0.5417
Barnard College,0.9294
Barry University,0.3659
Barton College,0.5152
Bates College,0.9059
Bay Mills Community College,0.3036
Bay Path University,0.5694
Baylor University,0.8016
Be'er Yaakov Talmudic Seminary,0.5304
Beacon College,0.5732
Beal University,0.3415
Beckfield College-Florence,0.303
Beis Medrash Heichal Dovid,0.1765
Belhaven University,0.5113
Bellarmine University,0.6775
Bellevue College,0.335
Bellevue University,0.5588
Bellin College,0.7429
Bellingham Technical College,0.4545
Belmont Abbey College,0.4637
Belmont University,0.717
Beloit College,0.6718
Bemidji State University,0.534
Benedict College,0.2115
Benedictine College,0.6507
Benedictine University,0.5095
Benjamin Franklin Cummings Institute of Technology,0.4716
Bennett College,0.2063
Bennington College,0.6667
Bentley University,0.8821
Berea College,0.6204
Berkeley College-New York,0.4025
Berkeley College-Woodland Park,0.4476
Berklee College of Music,0.6635
Berry College,0.7391
Bet Medrash Gadol Ateret Torah,0.5217
Beth Hamedrash Shaarei Yosher Institute,0.35
Beth Medrash Meor Yitzchok,0.4921
Bethany College,0.2867
Bethany College,0.4625
Bethany Global University,0.6119
Bethany Lutheran College,0.5956
Bethel College-North Newton,0.4309
Bethel University,0.5721
Bethel University,0.7522
Bethel University,0.349
Bethesda University,0.1818
Bethlehem College & Seminary,0.5
Bethune-Cookman University,0.2783
Beulah Heights University,0.1667
Big Bend Community College,0.3667
Binghamton University,0.8365
Biola University,0.6881
Birmingham-Southern College,0.6418
Bismarck State College,0.4803
Black Hills State University,0.3858
Blackburn College,0.5241
Blackfeet Community College,0.0769
Bloomfield College,0.3105
Blue Mountain Christian University,0.512
Bluefield State University,0.3456
Bluefield University,0.2714
Bluffton University,0.4952
Bob Jones University,0.6961
Boise Bible College,0.4815
Boise State University,0.6187
Boricua College,0.7063
Boston Architectural College,0.3846
Boston Baptist College,0.4444
Boston College,0.9099
Boston University,0.8997
Bowdoin College,0.956
Bowie State University,0.3814
Bowling Green State University-Firelands,0.1016
Bowling Green State University-Main Campus,0.6277
Bradley University,0.7214
Brandeis University,0.8611
Brazosport College,0.3867
Brenau University,0.3536
Brescia University,0.4597
Brevard College,0.3902
Brewton-Parker College,0.2349
Briar Cliff University,0.4937
Bridgewater College,0.4944
Bridgewater State University,0.5461
Brigham Young University,0.8221
Brigham Young University-Hawaii,0.5439
Brigham Young University-Idaho,0.5508
Brookline College-Albuquerque,0.6528
Brookline College-Phoenix,0.5023
Brookline College-Tempe,0.6548
Broward College,0.3611
Brown University,0.9595
Bryan College of Health Sciences,0.7547
Bryan College-Dayton,0.5593
Bryan University,0.275
Bryan University,0.24
Bryant & Stratton College-Albany,0.2195
Bryant & Stratton College-Buffalo,0.275
Bryant & Stratton College-Greece,0.3043
Bryant & Stratton College-Online,0.1833
Bryant & Stratton College-Parma,0.2069
Bryant & Stratton College-Syracuse North,0.25
Bryant & Stratton College-Virginia Beach,0.281
Bryant & Stratton College-Wauwatosa,0.2349
Bryant University,0.8061
Bryn Athyn College of the New Church,0.4632
Bryn Mawr College,0.8559
Bucknell University,0.8623
Buena Vista University,0.4729
Bushnell University,0.6176
Butler University,0.8015
Cabarrus College of Health Sciences,0.4545
Cabrini University,0.5052
Cairn University-Langhorne,0.6516
Caldwell University,0.587
California Aeronautical University,0.4194
California Baptist University,0.5953
California Career College,1.0
California College of ASU,0.4842
California College of the Arts,0.5872
California Institute of Arts & Technology,0.6986
California Institute of Technology,0.9316
California Institute of the Arts,0.6415
California Intercontinental University,0.1024
California Jazz Conservatory,0.5
California Lutheran University,0.7402
California Northstate University,0.8788
California Polytechnic State University-San Luis Obispo,0.8519
California State Polytechnic University-Humboldt,0.4663
California State Polytechnic University-Pomona,0.6674
California State University Maritime Academy,0.6682
California State University-Bakersfield,0.4931
California State University-Channel Islands,0.5345
California State University-Chico,0.6363
California State University-Dominguez Hills,0.4685
California State University-East Bay,0.4551
California State University-Fresno,0.5482
California State University-Fullerton,0.6922
California State University-Long Beach,0.6986
California State University-Los Angeles,0.5257
California State University-Monterey Bay,0.6323
California State University-Northridge,0.5618
California State University-Sacramento,0.5582
California State University-San Bernardino,0.5465
California State University-San Marcos,0.5418
California State University-Stanislaus,0.58
Calumet College of Saint Joseph,0.299
Calvary University,0.5263
Calvin University,0.7736
Cambridge College,0.125
Cambridge College of Healthcare & Technology,0.56
Cameron University,0.2154
Campbell University,0.5586
Campbellsville University,0.4713
Canisius University,0.7065
Capella University,0.3333
Capital University,0.6554
Capitol Technology University,0.4667
Career Networks Institute,0.7692
Caribbean University-Bayamon,0.367
Caribbean University-Carolina,0.44
Caribbean University-Ponce,0.4167
Caribbean University-Vega Baja,0.625
Carleton College,0.9119
Carlow University,0.5519
Carnegie Mellon University,0.9252
Carolina College of Biblical Studies,0.2222
Carolina University,0.2923
Carolinas College of Health Sciences,1.0
Carrington College-Sacramento,0.518
Carroll College,0.6633
Carroll University,0.696
Carson-Newman University,0.4645
Carthage College,0.6051
Casa Loma College-Los Angeles,0.6322
Cascadia College,0.4124
Case Western Reserve University,0.8695
Catawba College,0.5211
CBD College,0.686
Cedar Crest College,0.5822
Cedarville University,0.7431
CEM College-Humacao,0.44
CEM College-San Juan,0.2584
Centenary College of Louisiana,0.593
Centenary University,0.5659
Centra College,1.0
Central Baptist College,0.3529
Central Christian College of Kansas,0.2303
Central Christian College of the Bible,0.4091
Central College,0.6916
Central Connecticut State University,0.4933
Central Methodist University-College of Liberal Arts and Sciences,0.525
Central Michigan University,0.6184
Central Ohio Technical College,0.2423
Central Penn College,0.3889
Central State University,0.2557
Central Washington University,0.4985
Central Wyoming College,0.4043
Central Yeshiva Tomchei Tmimim Lubavitz,0.0278
Centralia College,0.4582
Centre College,0.8529
Centura College-Chesapeake,0.6667
Chadron State College,0.3807
Chamberlain University-Arizona,0.6667
Chamberlain University-Florida,0.3333
Chamberlain University-Illinois,0.5
Chamberlain University-Indiana,1.0
Chamberlain University-Missouri,0.3333
Chamberlain University-Virginia,1.0
Chaminade University of Honolulu,0.5814
Champlain College,0.6301
Chapman University,0.8036
Charles R Drew University of Medicine and Science,0.5
Charleston Southern University,0.4858
Charter College,0.5753
Chatham University,0.662
Chemeketa Community College,0.2215
Chestnut Hill College,0.561
Cheyney University of Pennsylvania,0.1616
Chicago State University,0.1695
Chipola College,0.6126
Chowan University,0.2852
Christian Brothers University,0.5599
Christopher Newport University,0.7508
Cincinnati State Technical and Community College,0.2043
Citadel Military College of South Carolina,0.7282
City College-Hollywood,0.8333
City University of Seattle,0.1667
Claflin University,0.4913
Claremont McKenna College,0.9517
Clark Atlanta University,0.478
Clark College,0.3574
Clark State College,0.2465
Clark University,0.7712
Clarke University,0.5494
Clarks Summit University,0.5417
Clarkson College,0.75
Clarkson University,0.7356
Clayton  State University,0.3539
Clear Creek Baptist Bible College,0.3333
Cleary University,0.3939
Clemson University,0.879
Cleveland Institute of Art,0.6753
Cleveland Institute of Music,0.6852
Cleveland State University,0.4891
Cleveland University-Kansas City,0.3333
Clinton College,0.1111
Clover Park Technical College,0.4066
Coastal Carolina University,0.5084
Coe College,0.59
Coker University,0.3462
Colby College,0.9022
Colby-Sawyer College,0.6162
Colegio Universitario de San Juan,0.3013
Colgate University,0.9053
College for Creative Studies,0.6962
College of Biblical Studies-Houston,0.6
College of Central Florida,0.4396
College of Charleston,0.6498
College of Coastal Georgia,0.2556
College of Menominee Nation,0.275
College of Micronesia-FSM,0.2947
College of Our Lady of the Elms,0.6474
College of Saint Benedict,0.8304
College of Saint Mary,0.5941
College of Southern Idaho,0.3509
College of Southern Nevada,0.1785
College of Staten Island CUNY,0.3278
College of the Atlantic,0.6923
College of the Holy Cross,0.8961
College of the Mainland,0.2825
College of the Marshall Islands,0.1418
College of the Ozarks,0.6131
Collin County Community College District,0.2181
Colorado Christian University,0.5532
Colorado College,0.86
Colorado Mesa University,0.4152
Colorado Mountain College,0.259
Colorado School of Mines,0.7944
Colorado State University Pueblo,0.3798
Colorado State University-Fort Collins,0.6691
Colorado Technical University-Colorado Springs,0.1761
Columbia Basin College,0.2765
Columbia Central University-Caguas,0.5386
Columbia College,0.5346
Columbia College,0.4567
Columbia College Chicago,0.4846
Columbia International University,0.6552
Columbia Southern University,0.3722
Columbia University in the City of New York,0.9496
Columbus College of Art & Design,0.6133
Columbus State University,0.4174
Commonwealth University of Pennsylvania,0.5302
Community College of Denver,0.1579
Conception Seminary College,0.6429
Concord University,0.4225
Concorde Career College-Aurora,0.6897
Concorde Career College-Kansas City,0.5693
Concordia College at Moorhead,0.7183
Concordia University Ann Arbor,0.5
Concordia University Texas,0.4051
Concordia University-Chicago,0.474
Concordia University-Irvine,0.625
Concordia University-Nebraska,0.6408
Concordia University-Saint Paul,0.5878
Concordia University-Wisconsin,0.6431
Congregation Talmidei Mesivta Tiferes Shmiel Aleksander,0.1228
Connecticut College,0.8375
Converse University,0.471
Coppin State University,0.2559
Corban University,0.6103
Cornell College,0.7167
Cornell University,0.9514
Cornerstone University,0.6157
Cornish College of the Arts,0.5198
Cottey College,0.6145
Covenant College,0.7186
Cox College,1.0
Creighton University,0.8052
Criswell College,0.5714
Crowley's Ridge College,0.2609
Crown College,0.6434
Culinary Institute of America,0.6467
Culver-Stockton College,0.5017
Cumberland University,0.4698
CUNY Bernard M Baruch College,0.7211
CUNY Brooklyn College,0.5658
CUNY City College,0.5466
CUNY Hunter College,0.6099
CUNY John Jay College of Criminal Justice,0.5549
CUNY Lehman College,0.4929
CUNY Medgar Evers College,0.2229
CUNY New York City College of Technology,0.1941
CUNY Queens College,0.6016
CUNY York College,0.3027
Curry College,0.4825
Curtis Institute of Music,0.9474
Cypress College,0.351
D'Youville  University,0.5668
Daemen University,0.584
Dakota State University,0.493
Dakota Wesleyan University,0.4643
Dallas Baptist University,0.6041
Dallas Christian College,0.2391
Dallas College,0.3553
Dalton State College,0.2959
Dartmouth College,0.9604
Davenport University,0.4952
Davidson College,0.9189
Davis & Elkins College,0.366
Davis College,0.0833
Davis College,0.3889
Daytona College,0.7222
Daytona State College,0.4123
Dean College,0.4317
Defiance College,0.3667
Del Mar College,0.128
Delaware State University,0.3866
Delaware Technical Community College-Terry,0.1945
Delaware Valley University,0.522
Delta State University,0.4686
Denison University,0.8006
DePaul University,0.7
DePauw University,0.8
DeSales University,0.7102
Design Institute of San Diego,0.5
DeVry College of New York,0.3333
DeVry University-Arizona,0.625
DeVry University-California,0.4286
DeVry University-Florida,0.4
DeVry University-Georgia,0.3636
DeVry University-Illinois,0.3686
DeVry University-New Jersey,0.3333
DeVry University-Ohio,0.45
DeVry University-Texas,0.3333
DeVry University-Virginia,1.0
Dewey University-Carolina,0.6197
Dewey University-Hato Rey,0.5224
Dewey University-Juana Diaz,0.7083
Dewey University-Manati,0.7429
Dickinson College,0.8342
Dickinson State University,0.4339
DigiPen Institute of Technology,0.5156
Dillard University,0.451
Dine College,0.0549
Divine Word College,1.0
Doane University,0.5585
Dominican University,0.6236
Dominican University New York,0.5677
Dominican University of California,0.7627
Donnelly College,0.38
Dordt University,0.6533
Drake University,0.7731
Drew University,0.7243
Drexel University,0.7712
Drury University,0.6602
Drury University-College of Continuing Professional Studies,0.3208
Duke University,0.9583
Dunwoody College of Technology,0.627
Duquesne University,0.7555
Eagle Gate College-Layton,0.68
Eagle Gate College-Murray,0.5278
Earlham College,0.6794
East Carolina University,0.6214
East Central University,0.3274
East Georgia State College,0.1376
East Stroudsburg University of Pennsylvania,0.4383
East Tennessee State University,0.4988
East Texas Baptist University,0.4797
East-West University,0.2295
Eastern Connecticut State University,0.5814
Eastern Florida State College,0.5122
Eastern Illinois University,0.4517
Eastern International College-Jersey City,0.2545
Eastern Kentucky University,0.4974
Eastern Mennonite University,0.4709
Eastern Michigan University,0.4549
Eastern Nazarene College,0.3529
Eastern New Mexico University-Main Campus,0.3981
Eastern Oregon University,0.3662
Eastern University,0.5596
Eastern Washington University,0.4721
Eastwick College-Hackensack,0.44
Eastwick College-Ramsey,0.6364
Ecclesia College,0.3654
Eckerd College,0.6756
ECPI University,0.447
Edgewood College,0.6738
Edmonds College,0.3315
EDP University of Puerto Rico Inc-San Juan,0.2362
EDP University of Puerto Rico Inc-San Sebastian,0.3727
EDP University of Puerto Rico-Villalba,0.3636
Edward Waters University,0.2795
Elim Bible Institute and College,0.697
Elizabeth City State University,0.4809
Elizabethtown College,0.7707
Elmhurst University,0.6519
Elmira College,0.6404
Elon University,0.8296
Embry-Riddle Aeronautical University-Daytona Beach,0.6736
Embry-Riddle Aeronautical University-Prescott,0.6976
Embry-Riddle Aeronautical University-Worldwide,0.2156
Emerson College,0.7927
Emmanuel College,0.6582
Emmanuel University,0.346
Emmaus Bible College,0.8167
Emory & Henry University,0.5375
Emory University,0.9176
Empire College,0.6466
Empire State University,0.2932
Emporia State University,0.543
Endicott College,0.7543
Ensign College,0.3109
Erskine College,0.4859
Escuela de Artes Plasticas y Diseno de Puerto Rico,0.4493
Eureka College,0.4057
Evangel University,0.648
Everett Community College,0.3826
Everglades University,0.5775
Fairfield University,0.8379
Fairleigh Dickinson University-Florham Campus,0.723
Fairleigh Dickinson University-Metropolitan Campus,0.6171
Fairmont State University,0.4832
Faith Baptist Bible College and Theological Seminary,0.6105
Faith International University,0.6667
Faith Theological Seminary and Christian College,0.9333
Family of Faith Christian University,0.25
Farmingdale State College,0.5706
Fashion Institute of Technology,0.8333
Faulkner University,0.3766
Fayetteville State University,0.352
Feather River Community College District,0.4688
Felbry College,0.7692
Felician University,0.4968
Ferris State University,0.4787
Ferrum College,0.2886
FIDM-Fashion Institute of Design & Merchandising,0.6715
Fisher College,0.2844
Fisk University,0.4351
Fitchburg State University,0.5273
Five Towns College,0.4898
Flagler College,0.5589
Florida Agricultural and Mechanical University,0.5194
Florida Atlantic University,0.6433
Florida College,0.5064
Florida Gateway College,0.5657
Florida Gulf Coast University,0.5602
Florida Institute of Technology,0.6545
Florida International University,0.7387
Florida Memorial University,0.3023
Florida National University-Main Campus,0.2811
Florida Polytechnic University,0.5302
Florida Southern College,0.6933
Florida SouthWestern State College,0.3854
Florida State College at Jacksonville,0.3243
Florida State University,0.8299
Fond du Lac Tribal and Community College,0.2083
Fontbonne University,0.5683
Foothill College,0.6
Fordham University,0.8027
Fort Hays State University,0.4785
Fort Lewis College,0.4315
Fort Valley State University,0.4519
Framingham State University,0.4954
Francis Marion University,0.4273
Franciscan Missionaries of Our Lady University,0.5132
Franciscan University of Steubenville,0.7709
Franklin and Marshall College,0.8602
Franklin College,0.634
Franklin Pierce University,0.461
Franklin University,0.3025
Franklin W Olin College of Engineering,0.9222
Freed-Hardeman University,0.6837
Fremont University,0.338
Fresno Pacific University,0.5594
Friends University,0.6149
Front Range Community College,0.301
Frostburg State University,0.5207
Full Sail University,0.4959
Furman University,0.8149
Galen College of Nursing-Cincinnati,0.5476
Galen College of Nursing-Louisville,0.6316
Galen College of Nursing-San Antonio,0.6809
Galen College of Nursing-Tampa Bay,0.6449
Gallaudet University,0.4656
Galveston College,0.3235
Gannon University,0.6954
Gardner-Webb University,0.6168
GateWay Community College,0.1955
Geneva College,0.6146
George Fox University,0.6868
George Mason University,0.6932
George Washington University,0.8518
Georgetown College,0.4754
Georgetown University,0.943
Georgia College & State University,0.6157
Georgia Gwinnett College,0.198
Georgia Highlands College,0.2079
Georgia Institute of Technology-Main Campus,0.9228
Georgia Military College,0.3294
Georgia Southern University,0.5205
Georgia Southwestern State University,0.3191
Georgia State University,0.5372
Georgian Court University,0.5509
Gettysburg College,0.8273
Glendale Career College,0.5934
Glendale Community College,0.144
Glenville State University,0.3549
Gnomon,0.6667
Goddard College,0.75
Gods Bible School and College,0.5
Goldey-Beacom College,0.5886
Gonzaga University,0.8687
Good Samaritan College of Nursing and Health Science,0.75
Goodwin University,0.5833
Gordon College,0.6763
Gordon State College,0.1731
Goshen College,0.6047
Goucher College,0.6
Governors State University,0.196
Grace Christian University,0.4286
Grace College and Theological Seminary,0.6991
Graceland University-Lamoni,0.3834
Grambling State University,0.3234
Grand Canyon University,0.4304
Grand Valley State University,0.6865
Grand View University,0.5579
Grays Harbor College,0.3156
Grayson College,0.2007
Great Basin College,0.5153
Great Lakes Christian College,0.2593
Green River College,0.4121
Greensboro College,0.4081
Greenville Technical College,0.1759
Greenville University,0.5136
Grinnell College,0.8747
Grove City College,0.7972
Guam Community College,0.224
Guilford College,0.4766
Gulf Coast State College,0.448
Gurnick Academy of Medical Arts,0.6985
Gustavus Adolphus College,0.7585
Gwynedd Mercy University,0.5849
Hallmark University,0.6827
Hamilton College,0.9125
Hamline University,0.5771
Hampden-Sydney College,0.6527
Hampshire College,0.5723
Hampton University,0.5567
Hannibal-LaGrange University,0.4431
Hanover College,0.6356
Hardin-Simmons University,0.4956
Harding University,0.7094
Harris-Stowe State University,0.2741
Harrisburg University of Science and Technology,0.4337
Hartwick College,0.4615
Harvard University,0.9733
Harvey Mudd College,0.9375
Haskell Indian Nations University,0.4259
Hastings College,0.5327
Haverford College,0.894
Hawaii Pacific University,0.4121
HCI College,1.0
Hebrew Theological College,0.7308
Heidelberg University,0.4984
Hellenic College-Holy Cross Greek Orthodox School of Theology,0.4444
Henderson State University,0.3805
Hendrix College,0.6923
Henry Ford College,0.1063
Heritage Bible College,0.4
Heritage Christian University,0.5
Heritage University,0.3981
Herzing University-Akron,0.2121
Herzing University-Atlanta,0.2917
Herzing University-Birmingham,0.25
Herzing University-Brookfield,0.4
Herzing University-Kenosha,0.5
Herzing University-Madison,0.2759
Herzing University-Minneapolis,0.7353
Herzing University-New Orleans,0.2857
Herzing University-Orlando,0.4545
Hesston College,0.5741
High Point University,0.7
Highline College,0.3862
Hilbert College,0.4699
Hillsborough Community College,0.332
Hillsdale College,0.8482
Hiram College,0.5914
Hobart William Smith Colleges,0.7271
Hobe Sound Bible College,0.6071
Hodges University,0.2239
Hofstra University,0.671
Hollins University,0.6968
Holy Apostles College and Seminary,1.0
Holy Cross College,0.2947
Holy Family University,0.6039
Homestead Schools,0.9375
Hood College,0.5529
Hope College,0.8226
Hope International University,0.4565
Houghton University,0.6466
Houston Christian University,0.498
Houston Community College,0.1697
Howard Payne University,0.3112
Howard University,0.689
Huertas College,0.5811
Hult International Business School,0.6582
Humacao Community College,0.5493
Humphreys University-Stockton and Modesto Campuses,0.5
Huntingdon College,0.4694
Huntington University,0.682
Husson University,0.5667
Huston-Tillotson University,0.3607
Idaho State University,0.383
Ilisagvik College,0.3571
Illinois College,0.6109
Illinois Institute of Technology,0.7244
Illinois State University,0.6632
Illinois Wesleyan University,0.8254
Immaculata University,0.6447
Indian Bible College,1.0
Indian River State College,0.4248
Indiana Institute of Technology,0.3139
Indiana State University,0.4107
Indiana University of Pennsylvania-Main Campus,0.5239
Indiana University-Bloomington,0.8117
Indiana University-East,0.4536
Indiana University-Indianapolis,0.5387
Indiana University-Kokomo,0.4475
Indiana University-Northwest,0.3685
Indiana University-South Bend,0.3574
Indiana University-Southeast,0.3341
Indiana Wesleyan University-Marion,0.6633
Indiana Wesleyan University-National & Global,0.3722
Institute of American Indian and Alaska Native Culture and Arts Development,0.2453
Integrity College of Health,0.6
Inter American University of Puerto Rico-Aguadilla,0.3871
Inter American University of Puerto Rico-Arecibo,0.3537
Inter American University of Puerto Rico-Barranquitas,0.3837
Inter American University of Puerto Rico-Bayamon,0.3301
Inter American University of Puerto Rico-Fajardo,0.3285
Inter American University of Puerto Rico-Guayama,0.3936
Inter American University of Puerto Rico-Metro,0.316
Inter American University of Puerto Rico-Ponce,0.4311
Inter American University of Puerto Rico-San German,0.4272
InterCoast Colleges-West Covina,0.8133
Interior Designers Institute,0.875
International Baptist College and Seminary,0.4286
Iona University,0.5744
Iowa State University,0.7547
Ithaca College,0.7411
Jackson College,0.1738
Jackson State University,0.3219
Jacksonville State University,0.5112
Jacksonville University,0.5697
James A. Rhodes State College,0.3291
James Madison University,0.8089
Jamestown Business College,0.6053
Jarvis Christian University,0.1508
Jewish Theological Seminary of America,0.8684
John Brown University,0.6677
John Carroll University,0.7649
John Paul the Great Catholic University,0.6533
Johns Hopkins University,0.9463
Johnson & Wales University-Charlotte,0.5211
Johnson & Wales University-Providence,0.5488
Johnson C Smith University,0.3414
Johnson University,0.6216
Johnson University Florida,0.2364
Joyce University of Nursing and Health Sciences,0.4706
Judson University,0.5325
Juniata College,0.6891
Kalamazoo College,0.817
Kansas Christian College,0.2857
Kansas City Art Institute,0.6491
Kansas State University,0.7047
Kansas Wesleyan University,0.3846
Kean University,0.4338
Keene State College,0.5844
Kehilath Yakov Rabbinical Seminary,0.4694
Keiser University-Ft Lauderdale,0.4421
Kennesaw State University,0.4806
Kent State University at Ashtabula,0.2584
Kent State University at East Liverpool,0.098
Kent State University at Geauga,0.2593
Kent State University at Kent,0.6545
Kent State University at Salem,0.2819
Kent State University at Stark,0.3726
Kent State University at Trumbull,0.2677
Kent State University at Tuscarawas,0.371
Kentucky Christian University,0.3377
Kentucky Mountain Bible College,0.3571
Kentucky State University,0.2714
Kentucky Wesleyan College,0.526
Kenyon College,0.8675
Keser Torah-Mayan Hatalmud,0.3333
Kettering College,0.65
Kettering University,0.7054
Keuka College,0.4877
Keystone College,0.4116
King University,0.4643
King's College,0.601
Knox College,0.6751
Kutztown University of Pennsylvania,0.5411
Kuyper College,0.5357
La Roche University,0.5766
La Salle University,0.579
La Sierra University,0.6806
Lac Courte Oreilles Ojibwe University,0.1333
Lackawanna College,0.3773
Lafayette College,0.8805
LaGrange College,0.4176
Laguna College of Art and Design,0.6304
Lake Erie College,0.4194
Lake Forest College,0.7042
Lake Superior State University,0.5694
Lake Washington Institute of Technology,0.3985
Lake-Sumter State College,0.4466
Lakeland University,0.5575
Lamar University,0.3718
Lancaster Bible College,0.7143
Lander University,0.4876
Landmark College,0.2651
Lane College,0.1703
Langston University,0.175
Laramie County Community College,0.3131
Laredo College,0.3054
Las Vegas College,0.5789
Lasell University,0.5317
Latin American Bible Institute,0.6
Laurus College,0.3846
Lawrence Technological University,0.6257
Lawrence University,0.7642
Le Moyne College,0.7098
Le Moyne-Owen College,0.247
Lebanon Valley College,0.7251
Lee University,0.6067
Lees-McRae College,0.4423
Lehigh University,0.8921
Lenoir-Rhyne University,0.5105
Lesley University,0.6174
LeTourneau University,0.6111
Lewis & Clark College,0.7124
Lewis University,0.6256
Lewis-Clark State College,0.4472
Liberty University,0.6348
Life Pacific University,0.5682
Life University,0.3214
LIM College,0.5299
Limestone University,0.2757
Lincoln Christian University,0.5823
Lincoln Memorial University,0.5392
Lincoln University,0.5212
Lincoln University,0.75
Lincoln University,0.221
Lindenwood University,0.5032
Lindsey Wilson College,0.3808
Linfield University,0.6515
Lionel University,0.3837
Lipscomb University,0.687
Livingstone College,0.2712
Lone Star College System,0.185
Long Island University,0.5544
Longwood University,0.616
Longy School of Music of Bard College,0.4444
Lorain County Community College,0.3272
Loras College,0.6985
Los Angeles College of Music,0.4737
Los Angeles Film School,0.4216
Los Angeles Pacific University,0.325
Louisiana Christian University,0.4128
Louisiana State University and Agricultural & Mechanical College,0.7096
Louisiana State University-Alexandria,0.3552
Louisiana State University-Shreveport,0.3321
Louisiana Tech University,0.5762
Lourdes University,0.381
Lower Columbia College,0.25
Loyola Marymount University,0.7978
Loyola University Chicago,0.7692
Loyola University Maryland,0.8049
Loyola University New Orleans,0.6742
Lubbock Christian University,0.4871
Luther College,0.75
Lycoming College,0.5957
Lynn University,0.5269
Lyon College,0.5591
Macalester College,0.9041
Machzikei Hadath Rabbinical College,0.2791
Madison Area Technical College,0.2626
Madonna University,0.5815
Magdalen College,0.5333
Maharishi International University,0.1765
Maine College of Art & Design,0.4874
Maine College of Health Professions,0.8333
Maine Maritime Academy,0.6141
Malone University,0.5134
Manchester University,0.4484
Manhattan Christian College,0.5479
Manhattan College,0.6597
Manhattan School of Music,0.7826
Manhattanville College,0.5373
Manna University,0.6923
Manor College,0.2442
Maranatha Baptist University,0.6569
Maria College of Albany,0.4286
Marian University,0.4119
Marian University,0.6095
Marietta College,0.5809
Marion Technical College,0.2233
Marist College,0.7984
Marquette University,0.8006
Mars Hill University,0.4193
Marshall University,0.4869
Martin Luther College,0.7143
Martin University,0.3333
Martinsburg College,0.7941
Mary Baldwin University,0.5566
Maryland Institute College of Art,0.7133
Marymount Manhattan College,0.4981
Marymount University,0.5789
Maryville College,0.4718
Maryville University of Saint Louis,0.7152
Marywood University,0.7252
Massachusetts College of Art and Design,0.6919
Massachusetts College of Liberal Arts,0.4913
Massachusetts Institute of Technology,0.9608
Massachusetts Maritime Academy,0.7912
Mayville State University,0.4032
McDaniel College,0.6376
McKendree University,0.5954
McMurry University,0.3862
McNeese State University,0.5201
McPherson College,0.52
MCPHS University,0.6332
Menlo College,0.5133
Mercer University,0.7339
Mercy College of Health Sciences,0.4857
Mercy College of Ohio,0.4464
Mercy University,0.481
Mercyhurst University,0.5873
Meredith College,0.6497
Merrimack College,0.7213
Mesivta of Eastern Parkway-Yeshiva Zichron Meilech,0.75
Mesivta Torah Vodaath Rabbinical Seminary,0.3333
Mesivtha Tifereth Jerusalem of America,0.1667
Messenger College,0.5556
Messiah University,0.785
Methodist College,0.75
Methodist University,0.4015
Metropolitan College of New York,0.2474
Metropolitan State University,0.3837
Metropolitan State University of Denver,0.2989
Miami Dade College,0.4469
Miami Regional University,0.2083
Miami University-Hamilton,0.2159
Miami University-Middletown,0.2454
Miami University-Oxford,0.8184
Michigan State University,0.8217
Michigan Technological University,0.6872
Mid-America Christian University,0.3333
Mid-America College of Funeral Service,0.5574
Mid-Atlantic Christian University,0.4259
Mid-South Christian College,0.75
MidAmerica Nazarene University,0.4615
Middle Georgia State University,0.256
Middle Tennessee State University,0.54
Middlebury College,0.9259
Midland College,0.1713
Midland University,0.4321
Midway University,0.4638
Midwestern Baptist Theological Seminary,0.7
Midwestern State University,0.4128
Miles College,0.2566
Millennia Atlantic University,1.0
Miller-Motte College-Chattanooga,0.5594
Miller-Motte College-Wilmington,0.1876
Millersville University of Pennsylvania,0.544
Milligan University,0.6029
Millikin University,0.5907
Millsaps College,0.5546
Milwaukee Institute of Art & Design,0.6327
Milwaukee School of Engineering,0.7154
Minerva University,0.8883
Minneapolis College of Art and Design,0.6917
Minnesota State University Moorhead,0.5464
Minnesota State University-Mankato,0.5411
Minot State University,0.4776
MiraCosta College,0.411
Mirrer Yeshiva Cent Institute,0.6383
Misericordia University,0.692
Mission University,0.3824
Mississippi College,0.6281
Mississippi State University,0.6291
Mississippi University for Women,0.3779
Mississippi Valley State University,0.2214
Missouri Baptist University,0.4819
Missouri Southern State University,0.3833
Missouri State University-Springfield,0.5733
Missouri University of Science and Technology,0.636
Missouri Valley College,0.2448
Missouri Western State University,0.398
Mitchell College,0.4414
Modesto Junior College,0.261
Molloy College,0.7176
Monmouth College,0.6014
Monmouth University,0.7033
Monroe College,0.5748
Montana Bible College,0.5714
Montana State University,0.5735
Montana State University Billings,0.282
Montana State University-Northern,0.4233
Montana Technological University,0.5805
Montclair State University,0.6426
Montessori Education Center of the Rockies,0.9167
Montreat College,0.4057
Montserrat College of Art,0.6154
Moody Bible Institute,0.6199
Moore College of Art and Design,0.6344
Moravian University,0.7107
Morehead State University,0.4769
Morehouse College,0.5267
Morgan Community College,0.4607
Morgan State University,0.4161
Morningside University,0.5284
Morris Brown College,1.0
Morris College,0.2043
Mount Aloysius College,0.5556
Mount Angel Seminary,0.3333
Mount Carmel College of Nursing,0.7089
Mount Holyoke College,0.8504
Mount Marty University,0.6055
Mount Mary University,0.5887
Mount Mercy University,0.5588
Mount Saint Mary College,0.6566
Mount Saint Mary's University,0.5342
Mount Sinai Phillips School of Nursing,1.0
Mount St. Joseph University,0.5471
Mount St. Mary's University,0.5802
Mount Vernon Nazarene University,0.6364
Mt Hood Community College,0.2605
Muhlenberg College,0.8025
Multnomah University,0.5082
Murray State University,0.5953
Musicians Institute,0.4596
Muskingum University,0.5273
Naropa University,0.4595
National American University-Rapid City,0.6
National Louis University,0.3687
National Paralegal College,0.3191
National University,0.5
Navajo Technical University,0.1971
Navarro College,0.2395
Nazareth University,0.7291
Nebraska Indian Community College,0.1667
Nebraska Methodist College of Nursing & Allied Health,0.6667
Nebraska Wesleyan University,0.6889
Ner Israel Rabbinical College,0.439
Neumann University,0.4611
Neumont College of Computer Science,0.5655
Nevada State University,0.3103
New College of Florida,0.6181
New England College,0.3109
New England Institute of Technology,0.5747
New Hope Christian College-Eugene,0.25
New Jersey City University,0.3874
New Jersey Institute of Technology,0.7311
New Mexico Highlands University,0.2559
New Mexico Institute of Mining and Technology,0.5636
New Mexico State University-Main Campus,0.5222
New Orleans Baptist Theological Seminary,0.4074
New Saint Andrews College,0.697
New York College of Health Professions,0.5417
New York Film Academy,0.709
New York Institute of Technology,0.5604
New York School of Interior Design,0.5385
New York University,0.8846
Newberry College,0.4438
Newman University,0.5377
Newschool of Architecture and Design,0.5094
Niagara University,0.7024
Nicholls State University,0.5429
Nichols College,0.6364
Nightingale College,0.45
Norfolk State University,0.3267
North American University,0.2698
North Carolina A & T State University,0.5527
North Carolina Central University,0.4597
North Carolina State University at Raleigh,0.8464
North Carolina Wesleyan University,0.4043
North Central College,0.7114
North Central State College,0.3418
North Central University,0.6359
North Dakota State University-Main Campus,0.6372
North Florida College,0.6348
North Greenville University,0.5491
North Park University,0.5596
North Seattle College,0.3243
Northeastern Illinois University,0.1679
Northeastern State University,0.372
Northeastern University,0.9038
Northern Arizona University,0.5686
Northern Illinois University,0.4965
Northern Kentucky University,0.4828
Northern Marianas College,0.4216
Northern Michigan University,0.5084
Northern New Mexico College,0.3259
Northern State University,0.5224
Northland College,0.4332
Northpoint Bible College,0.5085
Northwest College,0.4375
Northwest College of Art & Design,0.3636
Northwest Florida State College,0.4288
Northwest Indian College,0.2692
Northwest Missouri State University,0.575
Northwest Nazarene University,0.5993
Northwest University,0.6349
Northwest University-Center for Online and Extended Education,0.3077
Northwestern College,0.6357
Northwestern College,0.3373
Northwestern Health Sciences University,1.0
Northwestern Michigan College,0.2489
Northwestern Oklahoma State University,0.3542
Northwestern State University of Louisiana,0.4463
Northwestern University,0.9589
Northwood University,0.6107
Norwich University,0.6103
Nossi College of Art and Design,0.3548
Notre Dame College,0.3663
Notre Dame de Namur University,0.3155
Notre Dame of Maryland University,0.5195
Nova Southeastern University,0.6434
NUC University,0.5618
Nueta Hidatsa Sahnish College,0.1707
Oak Hills Christian College,0.3077
Oak Valley College,0.4348
Oakland City University,0.7
Oakland University,0.5694
Oakwood University,0.4891
Oberlin College,0.7948
Occidental College,0.8511
Odessa College,0.2794
Oglala Lakota College,0.1146
Oglethorpe University,0.5392
Ohio Christian University,0.3571
Ohio Dominican University,0.479
Ohio Northern University,0.7418
Ohio State University-Lima Campus,0.181
Ohio State University-Main Campus,0.8773
Ohio State University-Mansfield Campus,0.1406
Ohio State University-Marion Campus,0.2566
Ohio State University-Newark Campus,0.3088
Ohio University-Chillicothe Campus,0.1213
Ohio University-Eastern Campus,0.2
Ohio University-Lancaster Campus,0.1371
Ohio University-Main Campus,0.6644
Ohio University-Southern Campus,0.1929
Ohio University-Zanesville Campus,0.177
Ohio Wesleyan University,0.6174
Ohr Hameir Theological Seminary,0.75
Oklahoma Baptist University,0.4973
Oklahoma Christian University,0.5517
Oklahoma City University,0.6419
Oklahoma Panhandle State University,0.2613
Oklahoma State University Institute of Technology,0.4215
Oklahoma State University-Main Campus,0.6589
Oklahoma State University-Oklahoma City,0.1321
Oklahoma Wesleyan University,0.2843
Old Dominion University,0.4435
Olivet Nazarene University,0.6027
Olympic College,0.3403
Oral Roberts University,0.539
Oregon Institute of Technology,0.5908
Oregon State University,0.7063
Oregon State University-Cascades Campus,0.5116
Orion Technical College,0.8049
Otis College of Art and Design,0.6059
Ottawa University-Ottawa,0.2872
Ottawa University-Surprise,0.2252
Otterbein University,0.6895
Ouachita Baptist University,0.703
Our Lady of the Lake University,0.4243
Ozark Christian College,0.6792
Ozarks Technical Community College,0.319
Pace University,0.6141
Pacific Bible College,0.4
Pacific College,0.7586
Pacific College of Health and Science,0.6786
Pacific College of Health and Science,0.6727
Pacific College of Health and Science,0.6774
Pacific Islands University,0.5
Pacific Lutheran University,0.7099
Pacific Northwest College of Art,0.4568
Pacific Rim Christian University,0.5238
Pacific States University,1.0
Pacific Union College,0.5147
Pacific University,0.6478
Paier College,0.5714
Paine College,0.2169
Palm Beach Atlantic University,0.5895
Palm Beach State College,0.4122
Paradise Valley Community College,0.1977
Park University,0.2996
Parker University,0.7179
Pasco-Hernando State College,0.4293
Patrick Henry College,0.6545
Paul Quinn College,0.381
Paul Smiths College of Arts and Science,0.5333
PCI College,0.7692
Peirce College,0.0526
Peninsula College,0.4063
Pennsylvania Academy of the Fine Arts,0.6757
Pennsylvania College of Art and Design,0.6377
Pennsylvania College of Health Sciences,0.6703
Pennsylvania College of Technology,0.5042
Pennsylvania Institute of Technology,0.3258
Pennsylvania State University-Main Campus,0.8568
Pennsylvania State University-Penn State Abington,0.2222
Pennsylvania State University-Penn State Altoona,0.1784
Pennsylvania State University-Penn State Beaver,0.212
Pennsylvania State University-Penn State Berks,0.2441
Pennsylvania State University-Penn State Brandywine,0.2133
Pennsylvania State University-Penn State DuBois,0.2901
Pennsylvania State University-Penn State Erie-Behrend College,0.457
Pennsylvania State University-Penn State Fayette- Eberly,0.3352
Pennsylvania State University-Penn State Greater Allegheny,0.2743
Pennsylvania State University-Penn State Harrisburg,0.2926
Pennsylvania State University-Penn State Hazleton,0.1791
Pennsylvania State University-Penn State Lehigh Valley,0.1736
Pennsylvania State University-Penn State Mont Alto,0.2512
Pennsylvania State University-Penn State New Kensington,0.2443
Pennsylvania State University-Penn State Schuylkill,0.2069
Pennsylvania State University-Penn State Scranton,0.3189
Pennsylvania State University-Penn State Shenango,0.2295
Pennsylvania State University-Penn State Wilkes-Barre,0.1667
Pennsylvania State University-Penn State York,0.1143
Pennsylvania State University-World Campus,0.3363
Pennsylvania Western University,0.5103
Pensacola State College,0.4198
Pepperdine University,0.8467
Peru State College,0.3772
Pfeiffer University,0.426
Philander Smith University,0.3231
Piedmont University,0.4146
Pierce College District,0.3122
Pikes Peak State College,0.23
Pillar College,0.3409
Pima Medical Institute-Tucson,0.7264
Pittsburg State University,0.5758
Pittsburgh Technical College,0.5309
Pitzer College,0.8321
Platt College-Anaheim,0.6182
Platt College-Aurora,0.2
Platt College-Los Angeles,0.6225
Platt College-Ontario,0.5729
Platt College-Riverside,0.5611
Plaza College,0.6287
Plymouth State University,0.4743
Point Loma Nazarene University,0.7379
Point Park University,0.5956
Point University,0.4044
Polk State College,0.3396
Polytechnic University of Puerto Rico-Orlando,0.0833
Pomona College,0.9319
Ponce Health Sciences University-East,0.7778
Pontifical Catholic University of Puerto Rico-Arecibo,0.3919
Pontifical Catholic University of Puerto Rico-Mayaguez,0.4211
Pontifical Catholic University of Puerto Rico-Ponce,0.4794
Pontifical College Josephinum,0.2727
Portland State University,0.5313
Post University,0.3534
Potomac State College of West Virginia University,0.2598
Prairie View A & M University,0.4322
Pratt Institute-Main,0.7269
Presbyterian College,0.619
Presbyterian Theological Seminary in America,0.8
Prescott College,0.3594
Princeton University,0.9709
Principia College,0.7619
Professional Skills Institute,0.6739
Providence Christian College,0.5263
Providence College,0.8785
Provo College,0.6364
Pueblo Community College,0.3746
Puerto Rico Conservatory of Music,0.5714
Purdue University Fort Wayne,0.3247
Purdue University Global,0.4762
Purdue University Northwest,0.4402
Purdue University-Main Campus,0.831
Queens University of Charlotte,0.6588
Quincy College,0.1663
Quincy University,0.4274
Quinnipiac University,0.7728
Rabbi Jacob Joseph School,0.0357
Rabbinical Academy Mesivta Rabbi Chaim Berlin,0.1923
Rabbinical College Beth Shraga,0.4545
Rabbinical College Bobover Yeshiva Bnei Zion,0.9714
Rabbinical College of America,0.1833
Rabbinical College of Long Island,0.3415
Rabbinical College of Ohr Shimon Yisroel,0.4
Rabbinical College Ohr Yisroel,0.5152
Rabbinical College Telshe,0.5333
Rabbinical Seminary Mkor Chaim,0.25
Rabbinical Seminary of America,0.3431
Radford University,0.4962
Ramapo College of New Jersey,0.7186
Randall University,0.2055
Randolph College,0.5149
Randolph-Macon College,0.746
Ranken Technical College,0.5058
Rasmussen University-Florida,0.5103
Rasmussen University-Kansas,0.5
Rasmussen University-Minnesota,0.5322
Rasmussen University-North Dakota,0.5789
Rasmussen University-Wisconsin,0.625
Red Rocks Community College,0.3737
Reed College,0.7592
Reformed University,0.5
Regent University,0.5409
Regis College,0.6949
Regis University,0.6111
Reinhardt University,0.3562
Remington College-Dallas Campus,0.3762
Remington College-Shreveport Campus,0.2593
Rensselaer Polytechnic Institute,0.8316
Renton Technical College,0.55
Rhode Island College,0.4618
Rhode Island School of Design,0.8847
Rhodes College,0.8164
Rice University,0.9569
Rider University,0.6332
Ringling College of Art and Design,0.708
Rio Hondo College,0.2713
Rio Salado College,0.039
Ripon College,0.5991
Riverside College of Health Careers,0.625
Rivier University,0.5871
Roanoke College,0.6589
Robert Morris University,0.6555
Roberts Wesleyan University,0.6393
Rochester Institute of Technology,0.708
Rochester University,0.414
Rockford University,0.3826
Rockhurst University,0.7558
Rocky Mountain College,0.4675
Rocky Mountain College of Art and Design,0.3651
Roger Williams University,0.6661
Rogers State University,0.2541
Rollins College,0.7689
Roosevelt University,0.4099
Rose-Hulman Institute of Technology,0.8169
Rosemont College,0.4348
Rowan University,0.6828
Russell Sage College,0.6567
Rust College,0.2695
Rutgers University-Camden,0.6645
Rutgers University-New Brunswick,0.8501
Rutgers University-Newark,0.676
Sacred Heart Major Seminary,0.6667
Sacred Heart University,0.745
SAE Institute of Technology-Nashville,0.4575
Saginaw Valley State University,0.5382
Saint Ambrose University,0.6285
Saint Anselm College,0.8315
Saint Augustine's University,0.3323
Saint Charles Borromeo Seminary-Overbrook,0.4444
Saint Cloud State University,0.4691
Saint Edward's University,0.6418
Saint Elizabeth University,0.4024
Saint Francis University,0.7275
Saint Johns River State College,0.4573
Saint Johns University,0.757
Saint Joseph Seminary College,0.4
Saint Joseph's College of Maine,0.6855
Saint Joseph's University,0.7983
Saint Leo University,0.4878
Saint Louis Community College,0.1769
Saint Louis University,0.7975
Saint Martin's University,0.5709
Saint Mary-of-the-Woods College,0.5227
Saint Mary's College,0.7652
Saint Mary's College of California,0.6899
Saint Mary's University of Minnesota,0.6767
Saint Michael's College,0.6887
Saint Norbert College,0.7357
Saint Peter's University,0.6313
Saint Vincent College,0.7215
Saint Xavier University,0.59
Salem College,0.5625
Salem State University,0.5499
Salem University,0.273
Salisbury University,0.6745
Salish Kootenai College,0.3521
Salve Regina University,0.7492
Sam Houston State University,0.5507
Samford University,0.7988
San Antonio College,0.2206
San Diego Christian College,0.2353
San Diego Mesa College,0.3375
San Diego State University,0.7827
San Francisco Conservatory of Music,0.5246
San Francisco State University,0.5015
San Ignacio University,0.7037
San Jacinto Community College,0.3439
San Joaquin Valley College-Visalia,0.339
San Jose State University,0.6465
San Juan Bautista School of Medicine,0.3333
Santa Ana College,0.3151
Santa Clara University,0.8845
Santa Fe College,0.5209
Santa Monica College,0.3583
Sarah Lawrence College,0.6997
Savannah College of Art and Design,0.7048
Savannah State University,0.2517
Schiller International University,0.5
School of the Art Institute of Chicago,0.6402
School of Visual Arts,0.7493
Schoolcraft Community College District,0.153
Schreiner University,0.437
Scripps College,0.8712
Seattle Central College,0.3141
Seattle Film Institute,0.8889
Seattle Pacific University,0.6215
Seattle University,0.7331
Selma University,0.24
Seminole State College of Florida,0.4195
Sessions College for Professional Design,0.5
Seton Hall University,0.7147
Seton Hill University,0.7099
Shasta Bible College and Graduate School,0.3333
Shasta College,0.2913
Shaw University,0.2025
Shawnee State University,0.4298
Shenandoah University,0.7055
Shepherd University,0.4949
Shippensburg University of Pennsylvania,0.5161
Shorter University,0.3708
Siena College,0.7584
Siena Heights University,0.5111
Simmons College of Kentucky,0.34
Simmons University,0.7125
Simpson College,0.6566
Simpson University,0.4167
Sinclair Community College,0.3186
Sisseton Wahpeton College,0.1296
Sitting Bull College,0.2388
Skagit Valley College,0.336
Skidmore College,0.8167
Skyline College,0.4141
Slippery Rock University of Pennsylvania,0.6591
Smith Chason College,0.4851
Smith College,0.8966
Snow College,0.4665
Soka University of America,0.8692
Solano Community College,0.3377
Sonoma State University,0.6052
South Carolina State University,0.2941
South College,0.367
South Dakota School of Mines and Technology,0.5817
South Dakota State University,0.5964
South Florida State College,0.5113
South Georgia State College,0.2031
South Seattle College,0.2625
South Texas College,0.2758
South University-Austin,0.0909
South University-Montgomery,0.1538
South University-Richmond,0.2069
South University-Savannah,0.2273
South University-Savannah Online,0.0506
South University-Tampa,0.0455
South University-Virginia Beach,0.1364
South University-West Palm Beach,0.2143
Southeast Missouri Hospital College of Nursing and Health Sciences,1.0
Southeast Missouri State University,0.5568
Southeastern Baptist College,1.0
Southeastern Baptist Theological Seminary,0.4643
Southeastern College-West Palm Beach,0.6667
Southeastern Free Will Baptist Bible College,0.5455
Southeastern Louisiana University,0.448
Southeastern Oklahoma State University,0.3333
Southeastern University,0.433
Southern Adventist University,0.5143
Southern Arkansas University Main Campus,0.465
Southern California Institute of Architecture,0.7
Southern California Institute of Technology,0.7944
Southern Connecticut State University,0.4782
Southern Illinois University-Carbondale,0.563
Southern Illinois University-Edwardsville,0.5497
Southern Methodist University,0.8325
Southern Nazarene University,0.4879
Southern New Hampshire University,0.4487
Southern Oregon University,0.4418
Southern University and A & M College,0.2845
Southern University at New Orleans,0.1786
Southern Utah University,0.5899
Southern Virginia University,0.3829
Southern Wesleyan University,0.5202
Southwest Baptist University,0.5121
Southwest Minnesota State University,0.4407
Southwest University at El Paso,0.6565
Southwestern Adventist University,0.4109
Southwestern Assemblies of God University,0.3553
Southwestern Christian College,0.4918
Southwestern Christian University,0.1271
Southwestern College,0.3351
Southwestern Oklahoma State University,0.3471
Southwestern University,0.6934
Spalding University,0.5732
Spartan College of Aeronautics and Technology,0.6047
Spartanburg Methodist College,0.3833
Spelman College,0.761
Spokane Community College,0.3726
Spokane Falls Community College,0.3039
Spring Arbor University,0.5985
Spring Hill College,0.5612
Springfield College,0.6763
St Bonaventure University,0.7039
St Catherine University,0.6513
St Lawrence University,0.7965
St Louis College of Health Careers-Fenton,0.7419
St Luke's College,0.3333
St Olaf College,0.835
St Petersburg College,0.3747
St. Andrews University,0.2713
St. Augustine College,0.2775
St. Francis College,0.5229
St. John Fisher University,0.7444
St. John Vianney College Seminary,1.0
St. John's College,0.6741
St. John's College,0.6
St. John's University-New York,0.6846
St. Joseph's University-New York,0.6421
St. Mary's College of Maryland,0.6804
St. Mary's University,0.5879
St. Thomas Aquinas College,0.626
St. Thomas University,0.4342
Stanbridge University,0.7719
Stanford University,0.9282
State College of Florida-Manatee-Sarasota,0.3487
State University of New York at Cortland,0.6825
State University of New York at New Paltz,0.6888
State University of New York at Oswego,0.6037
Stephen F Austin State University,0.5175
Stephens College,0.4651
Sterling College,0.2903
Sterling College,0.4286
Stetson University,0.628
Stevens Institute of Technology,0.8988
Stevens-The Institute of Business & Arts,0.8
Stevenson University,0.6642
Stillman College,0.4103
Stockton University,0.7197
Stone Child College,0.325
Stonehill College,0.8081
Stony Brook University,0.7785
Strayer University-Georgia,0.2308
Strayer University-Global Region,0.2
Strayer University-North Carolina,0.1667
Strayer University-Texas,0.5
Strayer University-Virginia,0.1333
Strayer University-West Virginia,0.5
Suffolk University,0.5985
Sul Ross State University,0.2744
Sullivan University,0.3018
SUM Bible College and Theological Seminary,0.4615
Summit Christian College,0.6667
Sumner College,0.7895
SUNY at Fredonia,0.5348
SUNY at Purchase College,0.6156
SUNY Brockport,0.5664
SUNY Buffalo State University,0.3604
SUNY College at Geneseo,0.7209
SUNY College at Plattsburgh,0.5884
SUNY College at Potsdam,0.4788
SUNY College of Agriculture and Technology at Cobleskill,0.4091
SUNY College of Environmental Science and Forestry,0.6994
SUNY College of Technology at Alfred,0.5269
SUNY College of Technology at Canton,0.4406
SUNY College of Technology at Delhi,0.4796
SUNY Maritime College,0.7485
SUNY Morrisville,0.319
SUNY Old Westbury,0.4659
SUNY Oneonta,0.7024
SUNY Polytechnic Institute,0.5918
Susquehanna University,0.7409
Swarthmore College,0.9413
Sweet Briar College,0.481
Syracuse University,0.8135
Tabor College,0.3289
Tacoma Community College,0.3277
Talladega College,0.6497
Tallahassee Community College,0.3692
Talmudic College of Florida,0.5882
Talmudical Academy-New Jersey,0.1
Talmudical Institute of Upstate New York,0.1667
Talmudical Seminary of Bobov,0.4304
Talmudical Seminary Oholei Torah,0.1395
Talmudical Yeshiva of Philadelphia,0.8158
Tarleton State University,0.5123
Taylor University,0.7656
Telshe Yeshiva-Chicago,0.0769
Temple University,0.7468
Tennessee State University,0.3303
Tennessee Technological University,0.5423
Tennessee Wesleyan University,0.4363
Texas A & M International University,0.4892
Texas A & M University-College Station,0.8378
Texas A & M University-Commerce,0.4593
Texas A & M University-Corpus Christi,0.3374
Texas A & M University-Kingsville,0.4559
Texas A&M University-San Antonio,0.2937
Texas A&M University-Texarkana,0.312
Texas Christian University,0.8561
Texas College,0.1069
Texas Lutheran University,0.5518
Texas Southern University,0.1989
Texas State University,0.5617
Texas Tech University,0.6747
Texas Wesleyan University,0.3235
Texas Woman's University,0.4421
The Catholic University of America,0.8133
The Christ College of Nursing and Health Sciences,0.6
The College of Health Care Professions-Northwest,0.4593
The College of Idaho,0.6412
The College of New Jersey,0.8523
The College of Saint Rose,0.5095
The College of Saint Scholastica,0.6299
The College of the Florida Keys,0.408
The College of Westchester,0.3205
The College of Wooster,0.7356
The Cooper Union for the Advancement of Science and Art,0.8032
The Evergreen State College,0.4356
The Juilliard School,0.9
The King's University,0.4
The Master's University and Seminary,0.6375
The Modern College of Design,0.6195
The New England Conservatory of Music,0.7778
The New School,0.7119
The Southern Baptist Theological Seminary,0.4386
The Southwestern Baptist Theological Seminary,0.3556
The University of Alabama,0.7369
The University of Findlay,0.6263
The University of Montana,0.4544
The University of Montana-Western,0.4945
The University of Olivet,0.3704
The University of Tampa,0.6192
The University of Tennessee Southern,0.3566
The University of Tennessee-Chattanooga,0.5309
The University of Tennessee-Knoxville,0.735
The University of Tennessee-Martin,0.5483
The University of Texas at Arlington,0.5652
The University of Texas at Austin,0.8764
The University of Texas at Dallas,0.7083
The University of Texas at El Paso,0.4595
The University of Texas at San Antonio,0.5119
The University of Texas at Tyler,0.4677
The University of Texas Permian Basin,0.4298
The University of Texas Rio Grande Valley,0.4927
The University of the South,0.8237
Thiel College,0.4355
Thomas Aquinas College,0.8202
Thomas College,0.5136
Thomas Jefferson University,0.6819
Thomas More College of Liberal Arts,0.6154
Thomas More University,0.4011
Thomas University,0.2778
Tiffin University,0.4295
Toccoa Falls College,0.4601
Torah Temimah Talmudical Seminary,0.0952
Tougaloo College,0.3231
Touro University,0.6496
Touro University Worldwide,0.4231
Towson University,0.6762
Transylvania University,0.6975
Trevecca Nazarene University,0.5481
Trine University,0.6761
Trine University-Regional/Non-Traditional Campuses,1.0
Trinidad State College,0.5572
Trinity Baptist College,0.4423
Trinity Bible College and Graduate School,0.3878
Trinity Christian College,0.6387
Trinity College,0.8276
Trinity International University-Illinois,0.4565
Trinity University,0.8193
Trinity Valley Community College,0.2395
Trinity Washington University,0.444
Trocaire College,0.1919
Troy University,0.4684
Truckee Meadows Community College,0.2817
Truett McConnell University,0.4115
Truman State University,0.6839
Tufts University,0.9333
Tulane University of Louisiana,0.8891
Turtle Mountain Community College,0.5447
Tusculum University,0.3054
Tuskegee University,0.5709
Tyler Junior College,0.2669
Union Adventist University,0.4586
Union Bible College,0.3636
Union College,0.3603
Union College,0.8526
Union University,0.7092
United International College,0.92
United States Air Force Academy,0.8814
United States Coast Guard Academy,0.8789
United States Merchant Marine Academy,0.8061
United States Military Academy,0.8541
United States Naval Academy,0.9185
United Talmudical Seminary,0.5694
United Tribes Technical College,0.3377
Unitek College,0.7168
Unity Environmental University,0.5698
Universal Technology College of Puerto Rico,0.5487
Universidad Adventista de las Antillas,0.4603
Universidad Ana G. Mendez-Carolina Campus,0.3641
Universidad Ana G. Mendez-Cupey Campus,0.3111
Universidad Ana G. Mendez-Gurabo Campus,0.3021
Universidad Central de Bayamon,0.3789
Universidad Central Del Caribe,0.5909
Universidad del Sagrado Corazon,0.436
Universidad Pentecostal Mizpa,0.1429
Universidad Politecnica de Puerto Rico,0.2356
Universidad Teologica del Caribe,0.2105
University at Albany,0.6389
University at Buffalo,0.7341
University of Advancing Technology,0.3929
University of Akron Main Campus,0.4818
University of Alabama at Birmingham,0.626
University of Alabama in Huntsville,0.6191
University of Alaska Anchorage,0.2894
University of Alaska Fairbanks,0.3197
University of Alaska Southeast,0.3097
University of Arizona,0.6589
University of Arkansas,0.6997
University of Arkansas at Little Rock,0.4142
University of Arkansas at Monticello,0.4327
University of Arkansas at Pine Bluff,0.3968
University of Arkansas Grantham,0.243
University of Arkansas-Fort Smith,0.3696
University of Baltimore,0.4673
University of Bridgeport,0.4809
University of California-Berkeley,0.9289
University of California-Davis,0.8507
University of California-Irvine,0.8595
University of California-Los Angeles,0.9266
University of California-Merced,0.6915
University of California-Riverside,0.7656
University of California-San Diego,0.8763
University of California-Santa Barbara,0.8533
University of California-Santa Cruz,0.7445
University of Central Arkansas,0.5335
University of Central Florida,0.7515
University of Central Missouri,0.494
University of Central Oklahoma,0.375
University of Charleston,0.4633
University of Chicago,0.9491
University of Cincinnati-Blue Ash College,0.1514
University of Cincinnati-Clermont College,0.246
University of Cincinnati-Main Campus,0.7155
University of Colorado Boulder,0.7503
University of Colorado Colorado Springs,0.4534
University of Colorado Denver/Anschutz Medical Campus,0.474
University of Connecticut,0.838
University of Connecticut-Avery Point,0.5667
University of Connecticut-Hartford Campus,0.6536
University of Connecticut-Stamford,0.5686
University of Connecticut-Waterbury Campus,0.5948
University of Dallas,0.6802
University of Dayton,0.8152
University of Delaware,0.7878
University of Denver,0.7795
University of Detroit Mercy,0.681
University of Dubuque,0.4105
University of Evansville,0.7127
University of Florida,0.9151
University of Florida-Online,0.7766
University of Fort Lauderdale,0.75
University of Georgia,0.8716
University of Guam,0.4211
University of Hartford,0.5828
University of Hawaii at Hilo,0.4163
University of Hawaii at Manoa,0.6257
University of Hawaii Maui College,0.2734
University of Hawaii-West Oahu,0.4684
University of Health Sciences and Pharmacy in St. Louis,0.7547
University of Holy Cross,0.3582
University of Houston,0.6492
University of Houston-Clear Lake,0.5085
University of Houston-Downtown,0.3376
University of Houston-Victoria,0.2652
University of Idaho,0.609
University of Illinois Chicago,0.603
University of Illinois Springfield,0.6137
University of Illinois Urbana-Champaign,0.8489
University of Indianapolis,0.5581
University of Iowa,0.7306
University of Jamestown,0.4402
University of Kansas,0.6879
University of Kentucky,0.6993
University of La Verne,0.6545
University of Louisiana at Lafayette,0.52
University of Louisiana at Monroe,0.506
University of Louisville,0.6068
University of Lynchburg,0.6162
University of Maine,0.5643
University of Maine at Augusta,0.2328
University of Maine at Farmington,0.5275
University of Maine at Fort Kent,0.3984
University of Maine at Presque Isle,0.3766
University of Management and Technology,1.0
University of Mary,0.6819
University of Mary Hardin-Baylor,0.534
University of Mary Washington,0.6738
University of Maryland Eastern Shore,0.3464
University of Maryland Global Campus,0.2958
University of Maryland-Baltimore County,0.7055
University of Maryland-College Park,0.8862
University of Massachusetts-Amherst,0.8316
University of Massachusetts-Boston,0.5115
University of Massachusetts-Dartmouth,0.4897
University of Massachusetts-Lowell,0.701
University of Memphis,0.4942
University of Miami,0.8423
University of Michigan-Ann Arbor,0.9322
University of Michigan-Dearborn,0.5655
University of Michigan-Flint,0.4456
University of Minnesota-Crookston,0.4973
University of Minnesota-Duluth,0.6445
University of Minnesota-Morris,0.6193
University of Minnesota-Rochester,0.5691
University of Minnesota-Twin Cities,0.8482
University of Mississippi,0.6849
University of Missouri-Columbia,0.7618
University of Missouri-Kansas City,0.5589
University of Missouri-St Louis,0.5687
University of Mobile,0.5551
University of Montevallo,0.4938
University of Mount Olive,0.4746
University of Mount Saint Vincent,0.5714
University of Mount Union,0.6487
University of Nebraska at Kearney,0.5975
University of Nebraska at Omaha,0.475
University of Nebraska-Lincoln,0.6585
University of Nevada-Las Vegas,0.5012
University of Nevada-Reno,0.6245
University of New England,0.6083
University of New Hampshire at Manchester,0.6508
University of New Hampshire College of Professional Studies Online,0.1429
University of New Hampshire-Main Campus,0.7645
University of New Haven,0.5925
University of New Mexico-Main Campus,0.5253
University of New Orleans,0.4251
University of North Alabama,0.5403
University of North Carolina Asheville,0.5495
University of North Carolina at Chapel Hill,0.9207
University of North Carolina at Charlotte,0.6771
University of North Carolina at Greensboro,0.579
University of North Carolina at Pembroke,0.4452
University of North Carolina School of the Arts,0.7919
University of North Carolina Wilmington,0.7073
University of North Dakota,0.6333
University of North Florida,0.6818
University of North Georgia,0.3685
University of North Texas,0.5957
University of North Texas at Dallas,0.4379
University of Northern Colorado,0.5134
University of Northern Iowa,0.6894
University of Northwestern Ohio,0.5415
University of Northwestern-St Paul,0.6837
University of Notre Dame,0.9683
University of Oklahoma-Norman Campus,0.753
University of Oregon,0.7148
University of Pennsylvania,0.9681
University of Phoenix-Arizona,0.1951
University of Phoenix-California,0.1837
University of Phoenix-Hawaii,0.6667
University of Pikeville,0.3907
University of Pittsburgh-Bradford,0.4344
University of Pittsburgh-Greensburg,0.3963
University of Pittsburgh-Johnstown,0.5345
University of Pittsburgh-Pittsburgh Campus,0.8434
University of Portland,0.8042
University of Providence,0.4674
University of Puerto Rico at Cayey,0.4861
University of Puerto Rico at Ponce,0.5058
University of Puerto Rico-Aguadilla,0.4766
University of Puerto Rico-Arecibo,0.5068
University of Puerto Rico-Bayamon,0.3141
University of Puerto Rico-Carolina,0.4023
University of Puerto Rico-Humacao,0.5293
University of Puerto Rico-Mayaguez,0.4696
University of Puerto Rico-Rio Piedras,0.5248
University of Puerto Rico-Utuado,0.2457
University of Puget Sound,0.6791
University of Redlands,0.7068
University of Rhode Island,0.7103
University of Richmond,0.8784
University of Rio Grande,0.3216
University of Rochester,0.8448
University of Saint Francis-Fort Wayne,0.6067
University of Saint Joseph,0.697
University of Saint Katherine,0.4348
University of Saint Mary,0.4406
University of San Diego,0.8158
University of San Francisco,0.7113
University of Science and Arts of Oklahoma,0.3626
University of Scranton,0.808
University of Silicon Valley,0.3492
University of Sioux Falls,0.6051
University of South Alabama,0.5257
University of South Carolina Aiken,0.4011
University of South Carolina Beaufort,0.3859
University of South Carolina-Columbia,0.7775
University of South Carolina-Upstate,0.4242
University of South Dakota,0.6143
University of South Florida,0.7458
University of Southern California,0.9199
University of Southern Indiana,0.5195
University of Southern Maine,0.4634
University of Southern Mississippi,0.5058
University of St Francis,0.6463
University of St Thomas,0.7517
University of St Thomas,0.6862
University of the Arts,0.6919
University of the Cumberlands,0.4624
University of the District of Columbia,0.2626
University of the Incarnate Word,0.5184
University of the Ozarks,0.5176
University of the Pacific,0.6782
University of the People,0.3674
University of the Potomac-VA Campus,0.7778
University of the Potomac-Washington DC Campus,0.5
University of the Southwest,0.2667
University of the Virgin Islands,0.2857
University of the West,0.3111
University of Toledo,0.5563
University of Tulsa,0.7331
University of Utah,0.6391
University of Valley Forge,0.5612
University of Vermont,0.7856
University of Virginia-Main Campus,0.953
University of Virginia's College at Wise,0.4981
University of Washington-Bothell Campus,0.6822
University of Washington-Seattle Campus,0.837
University of Washington-Tacoma Campus,0.6226
University of West Alabama,0.3804
University of West Florida,0.6176
University of West Georgia,0.4272
University of Wisconsin-Eau Claire,0.6756
University of Wisconsin-Green Bay,0.5309
University of Wisconsin-La Crosse,0.7119
University of Wisconsin-Madison,0.8933
University of Wisconsin-Milwaukee,0.5119
University of Wisconsin-Oshkosh,0.5789
University of Wisconsin-Parkside,0.3982
University of Wisconsin-Platteville,0.6154
University of Wisconsin-River Falls,0.6088
University of Wisconsin-Stevens Point,0.5596
University of Wisconsin-Stout,0.5253
University of Wisconsin-Superior,0.4412
University of Wisconsin-Whitewater,0.643
University of Wyoming,0.5985
Upper Iowa University,0.4147
URBE University,0.6111
Urshan College,0.55
Ursinus College,0.7662
Ursuline College,0.5325
Uta Mesivta of Kiryas Joel,0.7841
Utah State University,0.5732
Utah Tech University,0.3421
Utah Valley University,0.4074
Utica University,0.5547
Valdosta State University,0.4174
Valencia College,0.4352
Valley City State University,0.4813
Valley College-Martinsburg,0.5828
Valor Christian College,0.4146
Valparaiso University,0.6704
Vanderbilt University,0.9269
VanderCook College of Music,0.4667
Vanguard University of Southern California,0.5586
Vassar College,0.8914
Vaughn College of Aeronautics and Technology,0.3992
Veritas Baptist College,0.2857
Vermont State University,0.4894
Villa Maria College,0.3101
Villanova University,0.9241
Vincennes University,0.3473
Virginia Commonwealth University,0.6538
Virginia Military Institute,0.818
Virginia Polytechnic Institute and State University,0.8628
Virginia State University,0.4072
Virginia Union University,0.4133
Virginia University of Lynchburg,0.2609
Virginia Wesleyan University,0.4905
Visible Music College,0.4828
Viterbo University,0.6516
Voorhees University,0.3779
Wabash College,0.7706
Wade College,0.4545
Wagner College,0.6814
Wake Forest University,0.9087
Waldorf University,0.2897
Walla Walla Community College,0.4746
Walla Walla University,0.6416
Walnut Hill College,0.6
Walsh University,0.6169
Warner Pacific University,0.8209
Warner University,0.3492
Warren Wilson College,0.4315
Wartburg College,0.6682
Washburn University,0.5263
Washington & Jefferson College,0.7139
Washington Adventist University,0.4
Washington and Lee University,0.949
Washington College,0.7411
Washington State Community College,0.3211
Washington State University,0.6164
Washington University in St Louis,0.9445
Washington University of Science and Technology,0.5455
Wayland Baptist University,0.1919
Wayne State College,0.557
Wayne State University,0.5651
Waynesburg University,0.605
Weatherford College,0.2283
Webb Institute,0.8077
Webber International University,0.2601
Weber State University,0.4298
Webster University,0.6106
Welch College,0.6143
Wellesley College,0.9121
Wells College,0.4088
Wenatchee Valley College,0.3955
Wentworth Institute of Technology,0.6863
Wesleyan College,0.6056
Wesleyan University,0.9157
West Chester University of Pennsylvania,0.698
West Coast University-Los Angeles,0.4444
West Coast University-Miami,0.5
West Coast University-Ontario,0.5
West Coast University-Orange County,0.6429
West Liberty University,0.6062
West Los Angeles College,0.2138
West Texas A & M University,0.4731
West Virginia Junior College-Morgantown,0.5904
West Virginia State University,0.3351
West Virginia University,0.612
West Virginia University at Parkersburg,0.3061
West Virginia University Institute of Technology,0.3612
West Virginia Wesleyan College,0.4945
Westcliff University,0.5978
Western Carolina University,0.5908
Western Colorado University,0.5067
Western Connecticut State University,0.5025
Western Governors University,0.5089
Western Illinois University,0.4477
Western Kentucky University,0.5367
Western Michigan University,0.5777
Western Nevada College,0.3663
Western New England University,0.6389
Western New Mexico University,0.3489
Western Oregon University,0.4483
Western Technical College,0.7131
Western Technical College,0.6786
Western Washington University,0.6555
Western Wyoming Community College,0.3333
Westfield State University,0.5486
Westminster College,0.5747
Westminster College,0.6586
Westminster University,0.6936
Westmont College,0.7009
Whatcom Community College,0.3643
Wheaton College,0.8655
Wheaton College (Massachusetts),0.757
Wheeling University,0.3204
Whitman College,0.8098
Whittier College,0.6339
Whitworth University,0.6839
Wichita State University,0.5143
Widener University,0.6351
Wilberforce University,0.1597
Wiley University,0.2
Wilkes University,0.6034
Willamette University,0.7273
William & Mary,0.9101
William Carey University,0.4083
William Jessup University,0.6071
William Jewell College,0.6162
William Paterson University of New Jersey,0.4771
William Peace University,0.4433
William Penn University,0.2924
William Woods University,0.5699
Williams Baptist University,0.3592
Williams College,0.9655
Williamson Christian College,0.5
Wilmington College,0.5508
Wilmington University,0.2257
Wilson College,0.5183
Wingate University,0.4678
Winona State University,0.6089
Winston-Salem State University,0.4855
Winthrop University,0.6122
Wisconsin Lutheran College,0.6266
Wittenberg University,0.5382
Wofford College,0.8075
Women's Institute of Torah Seminary and College,1.0
Woodbury University,0.5478
Worcester Polytechnic Institute,0.8843
Worcester State University,0.5551
World Mission University,0.5
Wright State University-Lake Campus,0.4247
Wright State University-Main Campus,0.4586
Xavier University,0.705
Xavier University of Louisiana,0.5021
Yakima Valley College,0.3377
Yale University,0.9633
Yavapai College,0.3213
Yeshiva Chemdas Hatorah,0.7059
Yeshiva College of the Nations Capital,0.5
Yeshiva D'monsey Rabbinical College,0.0526
Yeshiva Derech Chaim,0.1818
Yeshiva Gedola Tiferes Yaakov Yitzchok,0.8333
Yeshiva Gedola Tiferes Yerachmiel,0.8824
Yeshiva Gedolah Imrei Yosef D'spinka,0.6154
Yeshiva Gedolah Keren Hatorah,0.6829
Yeshiva Gedolah Kesser Torah,0.381
Yeshiva Gedolah of Cliffwood,0.1053
Yeshiva Gedolah of Greater Detroit,0.4615
Yeshiva Gedolah of Woodlake Village,0.5
Yeshiva Gedolah Shaarei Shmuel,0.6957
Yeshiva Gedolah Zichron Leyma,0.75
Yeshiva Karlin Stolin,0.3333
Yeshiva Kollel Tifereth Elizer,0.8571
Yeshiva of Far Rockaway Derech Ayson Rabbinical Seminary,0.5333
Yeshiva of Kasho,0.1087
Yeshiva of Machzikai Hadas,0.7121
Yeshiva of Nitra Rabbinical College,0.1818
Yeshiva of Ocean,0.6667
Yeshiva of the Telshe Alumni,0.0606
Yeshiva Ohr Elchonon Chabad West Coast Talmudical Seminary,0.2
Yeshiva Ohr Naftoli,0.2727
Yeshiva Ohr Yisrael,0.125
Yeshiva Shaar Ephraim,0.0811
Yeshiva Sholom Shachna,0.0606
Yeshiva Toras Chaim,0.2698
Yeshiva University,0.8367
Yeshiva Yesoda Hatorah Vetz Chaim,0.3462
Yeshiva Yesodei Hatorah,0.0741
Yeshivah Gedolah Rabbinical College,0.3636
Yeshivas Be'er Yitzchok,0.1429
Yeshivas Emek Hatorah,0.0435
Yeshivas Novominsk,0.6512
Yeshivas Sanz Klauzenburg,0.2727
Yeshivat Hechal Shemuel,0.8
Yeshivath Beth Moshe,0.75
Yeshivath Shaar Hatorah,0.5455
Yeshivath Viznitz,0.6949
Yeshivath Zichron Moshe,0.5
York College of Pennsylvania,0.5974
York University,0.374
Young Harris College,0.4566
Youngstown State University,0.5291
Zane State College,0.5297
